La vieille Annou;1
Marseille;3
Robinson;3
Rouget;1
Dieu;2
Aussi;2
Lyon;17
J'étais;2
Rhône;3
Géniès;1
Montélimart;1
C'était Lyon;1
Lanterne;5
Ici;1
J'ai;1
De la place des Terreaux à la rue Lanterne;1
Restez;1
Daniel;13
Eyssette;1
Finet;1
D'abord;1
Jacques;10
Vienne;1
Sarlande;3
France;1
Hasard lui;1
la rue Lanterne;1
quelqu'un de la ville;1
Angleterre;1
Au-dessus de la;1
Cévennes;5
Viot;1
J'avais;1
Gardez;1
Bamban;6
collège de Lyon;1
Veillon;1
J'aurais;1
Bien des;1
Condillac de la terre;1
Tohu-boh;1
Pas de Daniel;1
Merci;1
Les;1
Le matin de la;1
Spiritus;3
Limoux;1
Boucoyran;8
de la noblesse cévenole au collège de Sarlande;1
Sortez;1
Bonjour;6
Venez;1
Paris;52
Mirabeau de Sophie;1
Fanfan la Tulipe;1
la jolie ville;1
Si j'avai;1
Le moyen de;1
Barbet;1
du côté de la Prairie, à la recherche de;1
L'ANNEAU DE FER  Des portes de;1
allais;1
Quel jardin;1
Mo;1
Bonaparte;3
Pardonne-moi;1
J'ai bien;1
Barbette;1
Moi;2
Fouette;1
Baptiste;2
Elle;3
Nord;1
Saint-Germain;4
rue de Lille;1
Saint-Nizier;1
toujours de la part du curé de Saint-Nizier;1
Le comte de la rue de Lille;1
la lettre du curé de Saint-Nizier;1
Saint-Guilla;1
Saint-Guillaume;2
l'hôtel de la rue Saint-Guillaume;1
"la personne de la part ""du curé de Saint-Nizier";1
De la part du curé de Saint-Nizier;1
Écrivez;1
Pierrotte des Cévennes;1
Ja;1
Pourtant la cloche;1
Saint-Germain-des-Prés;1
Rome;2
Pécaire;1
L'inspection;1
Soubeyrol;1
de la Prairie;1
l'Académie;1
Saint-Benoît;3
Tiens;1
Coucou-Blanc;10
Luxembourg;2
Là-bas;1
la Coucou-Blanc de;1
Nègre;1
Pourquoi;3
Palais-Royal;1
Pierrotte;16
Saumon;4
Roberte;1
Malheureusement;1
Rien de moins poétique;1
Débarrassez-vous de;1
Montmartre;4
Anastasie;1
Anastagille;1
Lalouette;6
Languedoc;1
Mlle Pierrotte;1
Camille;11
Montez donc la;1
Blanche;1
la fille de Pierrotte;1
de la Vallée;1
l'œil;1
Quelle;1
Cristaux de la;1
Pierrotte de sa voix de;1
Peine;1
faire la partie de la dame de;1
Baghavat;7
Lakçamana;1
Oua;1
Marchand de critérium;1
ort des;1
Puis.;1
LE;1
Caveau;1
Vieille bête de Pierrotte;1
Là-dessus;1
Hein;2
Pensez;1
Théâtre-Franç;1
Théâtre Français;1
Naples;2
L'Israélite;1
Elle va de;1
Bien;1
Rio à celle de Naples;1
Port-au-Prince;1
Porte;1
Méfie-toi;1
La chanson de la Négresse;1
Dans la vie;1
Cuba;1
Turc;4
Danielo;1
de la lui;1
acher des mains;1
Dani-Dan;2
vrai que la tête de la;1
Borel;1
Dieu !;1
bruyant;1
Montparnasse;8
Gaspard;1
Mam'selle;1
Grenelle;1
Saint-Cloud;1
Maine;1
de La Comédie;1
louis de la part de Jacques;1
L'imprimeur;1
La Comédie;1
Jacques au lieu de la;1
Dès;1
Va-t'en;1
Batignoll;1
Il arrivait de Palerme;1
Pas de;1
Réfléchissez là;1
Allez;1
Le;1
Alsacien;1
Attendez-moi;1
Cherchons l'enfant;1
La Providence;1
Marsala;1
la porte des marchands de vin du quartier;1
Guigne;1
Pardieu;1
Allons;1
Saint-Pierre;2
De la main;1
du collège de Sarlande;1
Camphre de;1
L'hôtel Pilois;1
la mort de Jacques;1
la porte de la;1
Lombards;1
Madagascar;1
Rana-Volo;1
Touraine;1
Attendez;1
