I;2
Languedoc;2
Midi;7
Eyssette;30
Annou;27
Marseille;3
Océan;1
Moi-même;1
Récollets;2
Lyon;24
Beaucaire;1
Colombe;1
le Rhône;1
Le Rhône;1
Dépêchons;1
rue Lanterne;7
Pouah;2
Rhône;2
Pourvu;3
Saint-Nizier;15
Présentez;1
Sanctus;1
Figurez;4
Évangiles;1
collège de Lyon;2
Tiens;10
buis;1
Chose;47
place des Terreaux;1
là-bas;1
Restez;1
Signez;1
Combien;1
Écouter;1
Regardez;3
Voix;1
mont-de-piété;1
Robinson;1
Sois sérieux;1
Vienne;1
Holà;2
Avez;3
Châteauneuf-du-Pape;1
Daniel;4
Université;1
Angleterre;1
carmélites;1
Cévennes;6
Cassagne;5
Crouzat;1
boiserie;1
Ecce;1
Allez;1
Afrique;1
Serrières;8
Venez;5
Barbette;26
VI;2
Quelquefois;5
Debout;3
la Prairie;4
Gardez;1
Desinit;1
voyais;1
Bamban;6
Prairie;3
VII;2
Grossiers;1
Pion;1
Eux;2
Loupi;1
Chers;1
Entrez;1
Accoudé;1
Condillac;1
va-t';1
Place !;1
Mathurine;1
Travaille;1
Vlan;1
Saint-Esprit;2
Saint-Théophile;3
Limoux;1
Muse badine;1
Muse;1
Ménalque;5
Mardi gras;1
Boucoyran;21
Sarlandais;1
Petit-Cercle;1
Grand-Cercle;1
Evêché;1
Parfait;1
Parfait secrétaire;1
Paris;59
Lamartine d'Elvire;1
Providence;2
Bretagne;1
d'Espagne;1
Quartier latin;5
Quartier latin !;2
Miséricorde;2
Jacques;4
Poussé;1
Vrai;1
Pardonne;2
cette Bastille;1
bah;3
Bandit;1
Sonne;2
l'Afrique;1
Champenoise;2
Circulez;1
Allons;2
givre;2
Jardin des plantes;1
Moi;1
Saint-Germain-des-Près;1
Saint-Germain;14
cadran;1
II;1
Mange;1
la Bretagne;1
Arrêtez;1
du Nord;1
rue de Lille;3
rue Saint-Guillaume;5
irez;1
Pérou;1
Hacqueville;2
mettez;1
Écrivez;1
Italie;1
Moustiers;1
Pierrotte;150
Saumon;13
Saint-Germain-des-Prés;3
Heureusement;1
Parisien;2
Rome;2
Sapristi;1
Comédie-Française;1
Magnifique;1
pyramide d'Égypte;1
Palais-Mazarin;1
rue Saint-Benoît;3
feras-tu;1
Est-elle;1
Éteignez;1
Soudain;2
Coucou-Blanc;16
V;1
Luxembourg;2
figurez;1
Bernerette;1
Nègre;1
Négresse Coucou-Blanc;4
Tolocototignan;5
Pierre Dupont;1
Palais-Royal;1
Roberte;1
Lalouette;18
Cévenole;1
Montmartre;4
Anastagille;6
Anastasie;1
argent des Lalouette;1
Parisiens;2
Bonjour;2
– Est;2
Bohême;2
Tribou;2
Telle;1
nez de mademoiselle;1
Caraïbe;1
trouves-tu;1
– N';1
Bachagas;1
Philistine;2
Porcelaines;2
Cristaux de la devanture;1
Désir-de-plaire;2
Mlle;1
Faust;1
Baghavat;6
bordeaux;1
grand Baghavat;6
Daçaratha;1
Kalatçala;1
Cunocépa;1
Vicvamitra;1
Oua;2
Inutile;1
Bengalis;1
Ferrouillat;4
Grand-Orient;1
Caveau;3
BETE;38
Attends;2
"PAPILLON 
Très";1
"PAPILLON 
Grimpe";1
Sitôt;1
Décidément;2
guide-ballon;1
Viens;1
Muguet;1
Trouves-tu mon Muguet;1
Phœbé;1
"PAPILLON 
";1
Scarabée;1
Araignée;1
les Chenilles;1
Suis;1
Muguets;3
J';1
Papillon;4
Chauve-Souris;1
Nécrophores;1
Papillons;1
Hanneton;1
IX;1
blanche;1
terne;1
Observatoire;1
Rêverie de Rosellen;1
Vieille;1
Nice;3
Écris;1
envoie-les-moi;1
Lentement;1
Négresse;15
Théâtre-Français;3
îles Marquises;3
Théâtre Français;1
baie de Naples;1
coupe-papier de nacre;1
Colombine;1
Saint-Pétersbourg;1
rade de Rio;1
Naples;2
Port-au-Prince;1
Seigneur;1
Carmélites;1
Chili;1
victoria;1
XI;1
l'Italie;1
Pise;2
Palerme;2
Cuba;1
Pacheco;2
Parthénon;1
Turc;5
Dani-Dan;2
Rendez;1
Près-Saint-Gervais;1
Coucou;1
Gymnase;1
Comprends-tu;2
vois-tu !;1
Près;1
boulevard Montparnasse;1
lune;1
miséra-a-ble !;1
Mam';1
heulla;1
Grenelle;1
Montparnasse;5
Sèvres;1
Sceaux;1
Saint-Cloud;1
Souwaroff;1
Barrière;1
Maine;1
Langlumeau;1
serrure;1
Coquine;1
théâtre Montparnasse;2
Rue des Dames;1
Batignolles;2
califourchon;1
Alsace;2
Pierrotte d'autrefois;1
Nina;1
Chinois;1
Prêtez;1
Adieu;1
l'Alsacien;1
La Providence;1
hôtel Pilois;6
rue des Dames;1
Pilois;4
Vatel;1
Marsala;1
Batignolles -;1
Rassurez;1
Guigne;1
Pruneaux;1
Lalaitou;1
Italiens;1
regardez;1
Polichinelle;1
Bah;1
Pardieu;1
Inde;1
besogne;2
Attendons;2
Saint-Pierre;1
Vois-tu !;1
église Saint-Pierre;1
Raspail;1
Doucement;1
Broum-Broum;2
Saint-Emilion;1
trompe-la-mort;2
Dormez;1
herbe de Montmartre;1
Madagascar;1
Rana-Volo;1
Touraine;1
Chine;1
Tenez;1
