PREMIÈRE;1
Languedoc;2
Midi;8
Marseille;3
Océan;1
Cet;2
Ce;2
Lyon;26
M. Eyssette;1
Beaucaire;1
Rhône;4
rue Lanterne;7
Les;53
Perrache;1
Cette;18
Eh;1
Parbleu;2
Saint-Nizier;13
POUR;1
place des Terreaux;1
Jacques;7
Vienne;1
Sarlande;30
Châteauneuf-du-Pape;1
Angleterre;1
Déjà;1
O;2
V;2
GAGNE;1
"VIE 
SARLANDE";1
Cévennes;6
Ecce homo;1
Afrique;1
MM;1
Serrières;9
Ceux;2
Prairie;11
Mes;3
Comme;3
VII;1
Saint-Théophile;2
Limouk;1
Limoux;1
Boucoyran;3
Sarlandais;1
Ces;1
Petit-Cercle;1
Grand-Cercle;1
café de l'Évêché;1
Evêché;1
café Barbette;2
Paris;59
ARMES;1
collège de la Marine;1
Bretagne;2
Espagne;1
Quartier latin;7
Espéron;1
Jaune;1
Bastille;1
Or;2
DEUXIÈME;1
l'Afrique;1
Au-dehors;1
Champenoise;2
Cinq;1
Jardin des plantes;1
Saint-Germain-des-Près;1
Notre;1
Saint-Germain;6
PART;1
Nord;1
faubourg Saint-Germain;2
rue de Lille;2
rue Saint-Guillaume;2
Lille;1
Saint Nizier;1
Si;2
Pérou;1
Hacqueville;3
Italie;2
Moustiers;1
Saumon;10
Couche;1
Saint-Germain-des-Prés;3
Parisien;2
Je;1
Rome;2
Soubeyrol;1
Comédie-Française;1
pyramide d'Égypte;1
Palais-Mazarin;1
rue Saint-Benoît;3
Donc;1
Tu;1
Coucou-Blanc;6
Chut;1
Droite;1
Muse;1
Luxembourg;2
Nègres du Cap;1
Palais-Royal;1
passage du Saumon;1
Cévenol;23
quartier Montmartre;1
Anastagille;1
Montmartre;4
Parisiens;2
Pierrotte;4
Bohême;2
palais de la fée Porcelaine;1
Cévenole;1
Vallée;1
Caraïbe;1
Philistine;1
Quartier;1
Par;1
PASSAGE;1
clocher de Saint-Germain;1
Grand-Orient;1
Quand;1
LES;1
BON;4
BON DIEU;23
BETE;11
"BON DIEU 
Oh";1
Araignée;1
"BON DIEU 
Hé";1
Chenilles;1
Ciel;1
Nécrophores;1
cimetière des Papillons;1
Alfort;1
Caveau;1
lunettes de l'Observatoire;1
Sainte-Beuve;1
l'Odéon;1
Nice;3
Chose;1
Théâtre-Français;3
îles Marquises;3
Théâtre Français;1
baie de Naples;1
Saint-Pétersbourg;1
Rio;1
Naples;2
Négresse;2
Port-au-Prince;1
Chili;1
la Négresse;4
LE CŒUR DE SUCRE;1
Pise;2
Palerme;2
Cuba;2
Algérien;1
Près-Saint-Gervais;1
Minuit;1
Gymnase;1
boulevard Montparnasse;1
Négresse Coucou-Blanc;1
Heulla;1
Grenelle;1
Montparnasse;7
Sèvres;1
Sceaux;1
Saint-Cloud;1
Maine;1
théâtre Montparnasse;2
Rue des Dames;1
Batignolles;3
Réfléchissez;1
Alsace;2
Alsacien;2
Chinois;1
hôtel Pilois;8
rue des Dames;1
Marsala;1
Italiens;1
Ses;2
As;1
Pardieu;1
Huit-à-Dix;1
institut Ouly;1
Inde;1
Saint-Pierre;1
église Saint-Pierre;1
faubourg Montmartre;1
Saint-Emilion;1
Providence;1
Madagascar;1
Touraine;1
Chine;1
EYSSETTE;1
PIERROTTE;1
