Roissy;1
Cherche Midi;1
Chantal;3
Vietnam;6
Est;8
Espagne;1
Suède;1
Aune;12
Le soleil;4
P.;1
Hanoï;7
attraperai;1
valdingue;1
Restez;2
état de Chantal;1
Bretan;25
Décharnés;1
Flopée;1
girolles;1
Nouvelle;1
Absorbant;1
A;3
terre;1
Rosalides;1
mantes;3
Trouver;7
Irak;1
Plan;2
Japon;1
tee-shirt ultra-moulant;1
Virginie;2
Zoé;1
Margarita;2
Selima;6
Combien;1
Grenoble;2
Mas-d’Artige;3
Alentour;2
plateau de Millevaches;1
Metz;1
Éteindre;1
violais;1
Demi-tour;2
Garder;1
Traverser;2
Surgir;1
Trop;1
Rejoindre;1
Courir;4
Romain;8
Clément;1
Saïda;1
Trou;1
Corps;1
Barrage;1
Tenez;3
Opacifier;1
Heu;1
Blanc;1
Uppercut;1
Quelque;3
Dorian;3
Est-elle;1
massif du Sancy;2
frometon;1
Cette;1
JE VIENS;1
ARRIVER;1
Valérie;2
Marre;1
Algérie;2
Saloperies;1
Vendons;2
Partons;1
Parer;1
Thierry;2
Raboter;1
Javel;1
Partez;1
France;1
Revenir;2
Rouler;5
Bondir;1
A28;1
Tours;1
A10;1
Bordeaux;2
Vierzon;1
Indochine;2
Répétait;1
Haut;1
Apeurées;1
Doucement;2
Vivre;1
Échanger;1
Retourner;1
La Courtine;1
hôtel de l’Univers;1
lac de Vassivière;1
Flayat;1
étang de Méouze;1
ferme là-bas;1
jardin de Chantal;1
Aubusson;1
les Gastel;1
Les Gastel;1
Amérique;1
Ussel;1
Clairavaux;1
Aurais;1
Auvergne;1
Devrai;2
M’;1
La terre;1
Furibonde;1
Syrie;1
USA;1
Pétrifié;1
Afrique;2
État;2
Américains;1
Français;1
Anglaise;1
Tchad;1
de France;1
Paris;3
H;1
Élysée;2
Furieuse;1
procureur de la République;1
Étrangement;1
Malaise;1
Béante;1
Claridge;10
Gloussements;1
Fort;1
Attends;1
Franchir;1
Ramasser les bruyères;1
Marcher;2
Atteindre;1
Crachaient;1
Étreindre;1
Vide;1
Royaume;1
Agrandissant;1
Lorient;1
Abbeville;1
fr;1
