l’;528
Casanova;2
Contemporains;1
Écrivains;1
Haute Enfance;1
Lyon;12
Adieux;1
Mercure de France;2
Poupées;1
"Palais de la reine
théâtre
";1
Livre;1
Cafés;1
Ville d’Arcachon;1
Variations;1
Nice;9
Sombre;1
Méditerranée;3
j’;77
qu’;69
Réserve;1
Anglais;4
Westminster;1
Saleya;1
Villefranche-sur-Mer;1
baie des Anges;3
vau-l’;1
Bassin;17
Grand Canal;4
Versailles;7
château de Versailles;3
rue Sainte-Adélaïde;3
Viroflay;3
bicyclette;2
Pouvoir;1
Bal;1
Neptune;2
Jackie;3
s’;65
Médaillons;1
XXe;1
place de la baigneuse;1
Louées;1
Grand Canal s’;1
Là-bas;1
Bourdonnais;1
Démon;1
Français;1
Sports;1
Loisirs;1
Paresse;1
Providence;1
Ségur;1
Côme;1
d’;7
Palmiers;2
place Fléming;1
Moulleau;1
Abatilles;3
Grand Siècle;2
Joie;4
rue de la Mairie;1
avenue Régnault;4
France;2
La France;1
Bretagne;1
Beuvraignes;2
bois des Loges;1
Normandie;1
Montdidier;1
A;1
Bordeaux;6
Arcachon;21
Ypres;1
cap Ferret;4
Gorgone;1
Grand Hôtel;1
collège Saint-Elme;1
couvent Saint-Dominique;1
De l’enfer;1
église Notre-Dame;1
statue de la Vierge;1
Étoile de la mer;1
Passé;2
Charavines;3
lac de Paladru;1
la France;3
Europe;1
Gravida;1
Allemands;1
Lié;1
Sully;2
Bicyclette;1
Saône;1
t’;6
liège;1
Ajoncs;1
Frison-Roche;1
Plutôt l’;1
Quartier général allemand;1
théâtre des;1
Célestins;2
Vois;1
t’es fourré;1
Je l’;8
Père Duchesne;1
Leurs;1
Été;8
boulevard de la Plage;2
zizanie;1
Brandir;1
L’;5
Moi, c’;1
Notre accord;1
Ils s’;2
Comprendre;1
lune;1
Munis;2
Notre mépris;1
Je l’admire;1
lac de Charavines;1
va-t’;1
– Parce;1
rue Nathaniel-Johnston;3
Automne;10
Printemps;2
Marins;2
Mi-crédule;1
Nulle;2
Derrière;1
Nathaniel;2
Bordelais;1
Gironde;2
Château Dauzac;1
Pêcheries de l’Océan;1
rue George-V;1
Faire;3
Grande Poupée;6
Grande Poupée s’;1
Grande Poupée –;1
Suisses;1
Zélie;2
Poupée;1
Dieppe;1
Bains;1
effort l’;1
Pédaler;1
Natation;1
îles Hawaï;1
Olympiques;1
j’ai l’;1
Fais;1
ça t’;1
arcs-en-ciel;1
varech;2
Paris;4
Sprechgesang;1
Bassin m’;1
grisets;1
turbots;1
manège;1
Saint-Ferdinand;1
basilique Notre-Dame;2
Frilosité;1
ça n’;2
bassine;1
Tourelle;1
Leçon;3
Dans l’ensemble;2
Chiffre;1
côte de Gascogne;1
mer qu’;1
Tiens;1
Prends-en;1
Palais des Mers;10
– Non;1
– ;1
Pas;1
Éloigne;1
Terrible;1
Mer;3
Couchées;1
Prédicateur;1
Palais;3
Tandis;1
Théâtre des Familles qu’;1
Chapelle;1
Terre-Neuve;1
Islande;1
Temps;4
Dans l’;1
Substance;1
Sur l’;1
Génie vaseux;2
Trimalco;5
Patrie;1
Nelly-Deganne;1
rue Lamarque-de-Plaisance;1
Réjouis-toi;1
Jubilation;1
l’indienne;1
Telle;1
Aucun;1
Allez;1
pisse-vinaigre;1
Allons;2
Pareil;1
neurasthénie;1
Histoire;1
Prêts;1
l’heure;1
tricot;1
bicyclette l’;1
Gambetta;1
Ni l’;1
Nathanaël;2
Cherche;1
désert du Ciel;1
Côte d’Azur;7
en Bretagne;1
Présent;2
Amazonie;1
Côte d’Argent;2
cap Ferrat;1
Menton;4
Monaco;1
Sport;3
Vacances;3
Soleil;4
Italie;3
New York;4
Lima;1
Central Park;1
World Trade;1
World Trade Center;1
businessmen;1
Washington Square;2
East Village;3
porte Saint-Antoine;1
Saint-Michel;2
états d’;1
comtesse de Grignan;3
Il l’;1
château de Grignan;1
Provence;1
Faner;1
East 9th Street;1
Mille;1
cap Martin;2
Manhattan;2
mer m’;1
ligne A;1
Rockaway Park-Beach 116th Street;1
goudron;1
Fire Island;2
Crispée;1
Hudson River;1
du Sud;2
l’appel du monsieur;1
– Pardon;1
pays du Bonheur;1
Vintimille;2
Cannes;1
jusqu’;1
Aix-en-Provence;1
Ponchettes;1
Cap;1
cimetière du Vieux-Château;2
Italiens;1
England;1
Félicie;1
Alexandrine;1
Stefania;1
Archibald;1
March 1866;1
Mabel;1
Pologne;1
Olga;1
tombe de Wanda;2
Berlin;1
Allemagne;1
Bonheur;1
vita nuova;1
Lafayette Street;1
Énervée;1
Suède;1
Muse;1
Adorée;1
Siesta;1
Rêve suédois;1
avion;1
Promenade;2
Rauba Capeu;1
Courbée;1
Renaissance;1
Égarée;1
E.F.;1
Afrique;1
Coudre;1
C’;1
surveillante l’;1
Pourquoi l’;1
baie de Villefranche-sur-Mer;1
Villefranche;2
baie de Villefranche;1
Negresco;1
Ghana;1
Sapporo;1
Le Teich;1
Gujan-Mestras;1
La Hume;1
Grand Hôtel Richelieu;1
Vienne;1
Sud-Ouest;1
Guyenne;1
Grèce;1
Salonique;1
acacia;1
d’orange;1
Vagues;1
Terre;1
Landes;1
Pilat;1
villa Pereire;1
Casino mauresque;1
Djerba;1
Pyrénées;1
Pérou;1
Katmandou;1
Amsterdam;1
Venise;1
