Mercure de France;1
Île flottante;1
Mercure;2
"Palais de la reine
théâtre
Actes Sud-Papiers";1
Cafés;1
fictionetcie;1
Nord;1
colombes;1
Nice;9
banqueter;1
soleil;2
Méditerranée;3
Anglais;4
hôtel Westminster;1
Villefranche-sur-Mer;1
baie des Anges;3
Bassin;18
Arcachon;54
Eyrac;4
Grand Canal;5
Versailles;6
château de Versailles;3
Espagne;1
Glaces;2
rue Sainte-Adélaïde;3
Viroflay;3
bosquet du Bal;1
Orangerie;1
Neptune;2
Médaillons;1
Louées;1
Là-bas;1
Bourdonnais;1
Français;1
Providence;1
lac de Côme;1
mienne;1
place des;2
Palmiers;2
place Fléming;1
Hiver;11
Moulleau;1
Abatilles;3
Balayer;1
Venu;1
Osseloise;1
rue de la Mairie;1
avenue Régnault;4
mimosa;1
France;2
La France;1
Bretagne;2
Beuvraignes;2
Est;4
bois des Loges;1
Normandie;1
Somme;1
Montdidier;1
A;1
Bordeaux;6
Océan;13
Ypres;1
cap Ferret;4
Gorgone;1
Grand Hôtel;1
collège Saint-Elme;1
Aerium Saint-Joseph;1
Mauresque;1
couvent Saint-Dominique;1
église Notre-Dame;2
statue de la Vierge;1
Notre Dame d’Arcachon;2
Étoile de la mer;1
Charavines;3
lac de Paladru;1
la France;3
Europe;1
Jour;1
Lyon;11
Allemands;1
Lié;1
Bicyclette;1
la Saône;1
gare de Perrache;1
Ajoncs;1
Quartier général allemand;1
Célestins;2
Été;7
pignades;1
boulevard de la Plage;2
Brandir;1
hippocampes;1
ponts-levis;1
lac de Charavines;1
rue Nathaniel-Johnston;3
Automne;10
Marins;2
Bordelais;1
Gironde;2
Château Dauzac;1
Château Ducru-Beaucaillou;1
rue George-V;1
Arcachonnais;1
menton;1
escalier de l’Orangerie;1
Suisses;1
Poupée;1
Dieppe;1
Bains;1
Boutonner;1
affirmerai;1
bikini;1
Natation;1
Bains de mer le nageur intrépide;1
îles Hawaï;1
Paris;4
pointe de l’Aiguillon;1
Aiguillon;2
baudroies;1
loubines;1
île aux Oiseaux;3
basilique Notre-Dame;2
Frilosité;1
théâtre de Guignol;1
Gascogne;1
friselis;1
Palais des Mers;10
Mer;3
Couchées;1
Déverseur;1
Palais;3
Théâtre des Familles;1
Percer;1
Chapelle;1
Islande;1
Déambuler;1
port de l’Aiguillon;1
La mienne;1
rue Lamarque-de-Plaisance;1
Allez;1
Allons;2
École;6
Arguin;2
neurasthénie;1
Prêts;1
Répéter;1
Aller;1
désert du Ciel;1
Côte d’Azur;7
avenue George-VI;1
Présent;2
Amazonie;1
Côte d’Argent;2
cap Ferrat;1
Menton;11
Monaco;1
Soleil;4
Azur;1
Italie;3
jasmin;1
New York;4
Lima;1
Central Park;1
Empire State Building;1
World Trade Center;2
Washington Square;2
East Village;3
porte Saint-Antoine;1
église Saint-Michel;1
château de Grignan;1
Le Versailles;1
Faner;1
irréfrénée;1
East 9th Street;1
métro d’Astor Place;1
cap Martin;2
Manhattan;2
ligne A;1
Rockaway Park-Beach 116th Street;1
Munis;1
Fire Island;2
Crispée;1
crisper;1
Riverside Drive;1
Hudson River;1
du Sud;2
pays du Bonheur;1
Vintimille;2
Cannes;3
Aix-en-Provence;1
Casino;1
Cap;1
Vieux-Château;2
Herbes;2
Italiens;1
esplanade Saint-Michel;1
Pologne;1
Berlin;1
Allemagne;1
Lafayette Street;1
Marble Arch;1
Suède;1
Adorée;1
Siesta;1
Joie;1
jardin Masséna;1
Promenade;1
Rauba Capeu;1
Courbée;1
Renaissance;1
Égarée;1
Hier;1
E.F.;1
Afrique;1
Coudre;1
Arizona;1
Douceur;1
baie de Villefranche-sur-Mer;1
Villefranche;2
baie de Villefranche;1
Negresco;1
Ghana;1
Sapporo;1
Le Teich;1
Gujan-Mestras;1
Grand Hôtel Richelieu;1
Vienne;1
Sud-Ouest;2
Guyenne;1
Jugé;1
Grèce;1
Salonique;1
Malagar;1
seringas;1
Vagues;1
Terre;1
Landes;1
Pilat;1
villa Pereire;1
Casino mauresque;1
café de la Plage;1
Djerba;1
Pyrénées;1
Pérou;1
Katmandou;1
Amsterdam;1
Venise;1
