Casanova;1
Haute Enfance;1
XVIIIe;3
"Cafés de la mémoire
récit
Seuil";1
Oxford;1
Bibliothèque nationale de France/Seuil;1
com;1
Nice;9
soleil;2
Méditerranée;3
Celles;1
Anglais;4
Westminster;1
Saleya;1
Villefranche-sur-Mer;1
baie des Anges;3
Bassin;16
Arcachon;52
Grand Canal;5
Versailles;6
château de Versailles;3
Espagne;1
galerie des Glaces;2
rue Sainte-Adélaïde;3
Viroflay;3
Pouvoir;1
Bal;1
Orangerie;1
Neptune;2
Médaillons;1
Louées;1
La Bourdonnais;1
Français;1
Providence;1
lac de Côme;1
Palmiers;3
place Fléming;1
Hiver;11
Moulleau;1
Abatilles;3
Grand Siècle;2
Joie;4
Osseloise;1
rue de la Mairie;1
avenue Régnault;4
France;2
La France;1
Bretagne;2
Beuvraignes;2
Est;3
bois des Loges;1
Normandie;1
Somme;1
Montdidier;1
A;1
Bordeaux;6
Océan;8
Ypres;1
cap Ferret;4
Gorgone;1
Nombreux;1
Grand Hôtel;1
collège Saint-Elme;1
Aerium Saint-Joseph;1
Mauresque;2
couvent Saint-Dominique;1
église Notre-Dame;2
statue de la;1
Étoile de la mer;1
Passé;2
Charavines;3
lac de Paladru;1
la France;3
Europe;1
Jour;1
Gravida;1
Lyon;11
Allemands;1
la Saône;1
gare de Perrache;1
berceau de Noé;1
liège;1
Ajoncs;1
gare d’Arcachon;1
Quartier général allemand;1
Célestins;2
Été;8
Facture;1
pignades;1
boulevard de la Plage;2
Brandir;1
Sûr;1
ponts-levis;1
lac de Charavines;1
rue Nathaniel-Johnston;3
Automne;10
Printemps;2
Marins;2
Bordelais;1
Gironde;2
Château Dauzac;1
Château Ducru-Beaucaillou;1
rue George-V;1
Arcachonnais;1
"Bassin !
» ;";1
Océan sans les vagues;1
escalier de l’Orangerie;1
Suisses;1
Dieppe;1
brides;1
Boutonner;1
Natation;1
îles Hawaï;1
Paris;4
Le Bassin;1
pointe de l’Aiguillon;1
Aiguillon;2
baudroies;1
loubines;1
manège;1
Oiseaux;3
Saint-Ferdinand;1
basilique Notre-Dame;2
Or;1
anse d’Arcachon;1
Gascogne;1
friselis;1
Palais des Mers;9
Mer;5
Sable;1
Couchées;1
Orateur;1
Prédicateur;1
Déverseur;1
Palais;3
Théâtre des Familles;1
Chapelle;1
Terre;2
Islande;1
port de l’Aiguillon;1
Patrie;1
Nelly-Deganne;1
rue Lamarque-de-Plaisance;1
Trimalco;2
ELLE;1
Habitation;1
École;4
Arguin;2
Gambetta;1
Cherche;1
désert du Ciel;1
Côte d’Azur;7
Amazonie;1
Côte d’Argent;2
cap Ferrat;1
Menton;10
Étrangement;1
Monaco;1
Soleil;4
Italie;3
Les Aloès ».;1
New York;4
Lima;1
Central Park;1
Empire State Building;1
World Trade Center;2
Washington Square;2
East Village;3
porte Saint-Antoine;1
église Saint-Michel;1
château de Grignan;1
Le Versailles;1
Faner;1
East 9th Street;1
métro d’Astor Place;1
cap Martin;2
Manhattan;2
ligne A;1
Rockaway Park-Beach;1
Fire Island;2
Riverside Drive;1
Hudson River;1
Aloès;1
du Sud;2
Élu;1
pays du Bonheur;1
Vintimille;2
Beauté;1
Cannes;1
Aix-en-Provence;1
Casino;2
Cap;1
cimetière du Vieux-Château;2
Italiens;1
esplanade Saint-Michel;1
England;1
Félicie;1
who fell asleep in Jesus;1
Pologne;1
Berlin;1
Allemagne;1
Herbes;1
vita nuova;1
Lafayette Street;1
Suède;1
Adorée;1
Siesta;1
Promenade;2
Rauba Capeu;1
Courbée;1
Afrique;1
Détruisant;1
Arizona;1
Douceur;1
baie de Villefranche-sur-Mer;1
Villefranche;2
baie de Villefranche;1
Negresco;1
Ghana;1
Sapporo;1
Le Teich;1
Gujan-Mestras;1
Grand Hôtel Richelieu;1
Vienne;1
Guyenne;1
Grèce;1
Salonique;1
Sud-Ouest;1
Malagar;1
orange;1
Vagues;1
Landes;1
Pilat;1
villa Pereire;1
Consciencieusement;1
Djerba;1
Pyrénées;1
Pérou;1
Katmandou;1
Amsterdam;1
Venise;1
