Vénus;1
Tokyo;26
Nue;1
Paris;19
Japon;8
Shinjuku;5
bordeaux;1
Allemand;1
Cévennes;1
Hokkaido;2
Cévenol;1
Shibuya;1
Hakodate;1
île d’Elbe;35
rue des Filles-Saint-Thomas;9
Roissy;3
La Vrillière;5
Bourse;2
Chine;1
Portoferraio;17
suçoté;1
Shinagawa;13
Kyoto;3
Toibu;1
JR;1
Opéra;1
Débarrassées;1
ligne Yamanote;1
Bioy Casares;1
Ginza;2
Massif;1
Messine;1
col lavallière;1
place Saint-Sulpice;7
Saint-Sulpice;11
rue du Vieux-Colombier;1
Seine;1
Invalides;1
pompon;1
lèse-majesté;1
Vittel;1
Evian;3
fontaine Visconti;1
Pise;2
aéroport Galileo Galilei;1
Piombino;2
Europe;1
Méditerranée;1
Mobyline;1
Toremar;1
distinguions;1
È la vita;1
Monte;1
Monte Capanne;4
Schiopparello;1
Carle & Montanari;1
chemin de la Rivercina;1
E;1
Amore mio ha già mangiato o no;1
Porta a Mare;1
Rio Marina;1
maison de Maurizio;1
Antonina;3
XXIe;2
Nighthawks;1
Offices;1
Vierge;1
IV;1
musée du Louvre;1
epagine;1
fr;1
