s’;20
l’;319
Approchez;2
j’;90
France;1
Berlin;19
Alexanderplatz;1
Kunstgewerbemuseum;1
Marrakech;2
Allemands;4
Je l’ai haï;2
qu’;40
Allemagne;29
chauffe-la-couche;1
Reproductives;1
Je l’;5
Verfügungstruppe;1
Francfort;1
donnez-les-moi;1
Combien;1
ça n’;1
C’;4
Brandebourg;1
Propre;1
K&S;2
Philipp;1
Juliana;59
Axel;1
Regardez-la;1
Cologne;1
chevelure blanche;1
aimais;1
trouverez-là-votre-dernier-salaire-et-vos-indemnités-pour-solde-de-tout-compte;1
Clac;1
Sphinx;1
triple zéro;1
Pas;2
De l’;2
A l’;4
Arrêtez;1
Alpes tyroliennes;1
Montrez;1
Braun;16
Droites;1
Géorgie;2
Rwanda;5
Bosnie;1
Allez;2
Formés;1
Arrêtés;1
Zurich;1
New York;2
Londres;1
l’allemand;1
Regardez;3
Quoique;1
Allons;1
Europe;3
Spiegel;1
Juliana l’;1
épinards;1
Darfour;1
Kinder;1
Küche;1
col Claudine;1
Brésil;1
Cherchez;1
d’;5
Allongez;1
Réservé;1
Restez;2
Hanovre;2
allons-y. A;1
A;4
Moi;1
regardez-les;1
jugez-la;1
Imaginez-la;1
montons;1
– C’;1
Rejoins;1
Maintenant;1
Dans l’;1
terre;1
L’;2
Suis;2
Paris;2
zoo de Berlin;2
zoo;1
– Est;2
Déshabille-toi;2
t’;4
Prouve-le;1
Epouse;1
Je t’;1
Fier;1
– Non;1
Laisse;1
Accepte;1
Florence;1
Boboli;1
Commença;1
Quelles;2
Nuremberg;4
Ecoutez;1
Ecrivez;2
Goslar;1
Allemand;1
oh l’;1
Voulez;1
Babelsberg;1
lac de Griebnitz;1
Robe;1
Bruxelles;1
Godesberg Hof;1
Friedländer;6
Buchenwald;1
Nation;1
Italie;1
Voyages;1
Bovary;1
Barbe-Bleue;1
Etats-Unis;1
Magda;4
Américains;2
Hoover l’;1
Amérique;1
Reprenez;1
allons-y.;1
Harald;4
Bourse;1
nationale-socialiste;1
Luxembourg;1
Rome antique;1
Stöcken;8
Britanniques;2
Reichsmarks;1
Derrière;1
Souhaitez;1
Portez;1
Promets;1
Pose;1
Extrait;1
Il l’;2
l’instruction;1
Tolède;1
Garcia;23
Méditerranée;1
Espagne;1
Les;1
Aussitôt;2
Ils l’;1
Finis;1
Garcia l’insulta;1
Braun s’;1
Neuengamme;1
aujourd’hui;1
Arno;1
Eteignez;1
Improductif;1
Vieux;1
Granges;1
mémorial de la Shoah;1
regardez;1
Soudain;1
Palais de justice;1
Kant l’;1
Isaac;1
l’Allemand;1
Je l’ai deviné;1
Et l’histoire;1
Belgique;2
je l’;1
Intellectuellement;1
Palestine;2
David;1
Chercha;1
bouleversa l’;1
Etat;1
Galilée;1
Insulté;1
Mademoiselle;1
agoraphobie;1
