France;1
Berlin;20
Alexanderplatz;1
Marrakech;2
Allemands;4
Allemagne;29
chauffe-la-couche;1
Verfügungstruppe;1
Parlons;1
Bad Homburg;1
Francfort;1
Aidez;1
Où;1
Brandebourg;1
A;15
Anchois;1
Approchez;1
Propre;1
K&S;3
Cologne;1
Juliana;26
A-partir-d’aujourd’hui;1
passerons-de-vos-services-vous-avez-failli;1
Sphinx;1
Alpes;1
Montrez;1
Pressentait;1
Géorgie;2
Rwanda;4
Bosnie;1
Zurich;1
New York;2
Londres;1
Regardez;3
Allons;1
Europe;2
K&S.;4
Etat;2
Parler;1
Le Rwanda;1
Darfour;1
K;1
Kirche;1
col Claudine;1
Brésil;1
Allongez;1
espargoute;1
Hanovre;2
allons-y. A;1
Est;5
Imaginez-la;1
montons;1
Rejoins;1
Maintenant;1
Placez;1
Suis;2
Paris;2
Imaginez-les;1
NE PAS;1
Fier;1
Florence;1
Boboli;1
Babelsberg;2
Hambourg;1
Nuremberg;3
BATKA;2
Auprès;1
Goslar;1
Allemand;2
lac de Griebnitz;1
Godesberg Hof;1
Buchenwald;1
Nation;1
Italie;1
Etats-Unis;2
Américains;2
Amérique;1
Bourse;1
Luxembourg;1
Rome antique;1
Stöcken;2
Britanniques;2
Tolède;1
Méditerranée;1
Garcia;5
Espagne;1
Confirmerait;1
Avouerait;1
Neuengamme;1
Vieux;1
Granges;1
mémorial de la Shoah;1
Français;1
Palais de justice;1
Belgique;2
Palestine;2
David;1
Chercha;1
Arlosoroff;1
Etat juif;1
Galilée;1
