Juste;1
Hispaniola;5
Port-au-Prince;11
Persée;16
Kansas;3
États-Unis;3
Miami;5
New York;1
Persifal;408
Américains;2
Haïti;9
Dire;1
Blanc;11
bwa-fouye;1
Pierre de la Sirène;1
Grimper;1
Vlengbendeng;4
Maintenant;1
Rejoins;1
A;6
Agwe;8
Josipierre;73
Où;1
Morne Rouge;4
cimetière du Morne Rouge;1
Zwazowout;35
us;1
kleren;6
Grande;2
cimetière du;1
vlengbendeng du Morne Rouge;1
roroli;2
Grenn Bòt;1
Combien;3
Morne;14
Cabris;15
Croix-des-Bouquets;1
Mirebalais;2
Fanm Griji;2
gede;18
vaksin;6
Pipirit;16
Gede Loray;18
bizango;2
vlengbendeng;1
Vlen;34
Suis;2
Jamaïque;5
République Dominicaine;2
Oyez;8
rara;7
Est;8
Petit-Noël;17
Retrouvailles;1
Afrique;7
Mandingues;1
du Nord;3
marais de l’Artibonite;1
Dahomey;3
Français;3
Saint-Domingue;3
Cibao;3
Macaya;2
Basilic;23
Danga;1
Derance;3
Madre de Dios;1
Indiens;2
Indien;3
lac Azwei;4
Espagnols;4
san manman;3
Montrez;1
Trois-Palmistes;4
Là-bas;1
Chemin;2
Artibonite;1
Gonaïves;1
Cazale;3
Saint-Surin;5
califourchon;3
Saint-Marc;1
Persée Persifal;1
mapou;1
carrefour Trois-Palmistes;1
Mèt;2
côte Pacifique;1
Colombie;4
Libertador;2
Amérique;1
Caracas;1
Caraïbes;6
Santo Domingo;3
Haïtiens;4
Dominicains;2
État;6
assiégeai;1
Suarez;2
cave des Suarez;1
lac Enriquillo;1
colonne de Dominicains;1
Major-Jonc;2
Fond Desline;6
Aseram;1
Cuba;1
Guetter;1
l’Afrique;1
barbacane;1
Alegadossou;6
soleil;3
Wosam;10
Le soleil;1
Quatre-Chemins;9
arc-en-ciel;1
Pars;2
Babel;1
Marron;1
Boucan Michel;9
Montre;1
paris;3
tranpe;3
Jamais;1
Nibo;52
Bazelais;17
La Selle;1
macaya;1
Mexique;1
Allez;3
quinquet;1
Nègre;3
bwa kochon;1
Gede Mercure;1
fresco;3
Koyo;2
Champ de Mars;2
Merde;1
mienne;2
tricherie;1
Mêlez;1
Masisi;2
karabela;1
palais National;2
Sud;4
Rose-Croix;1
Tibet;1
Chartres;1
Tombouctou;1
Bahia;1
travo;1
Prezidan;1
Jatan;1
Solage Similien;2
Similien;6
Quatre-vingt-huit jours;1
Alpha;2
Renonce;1
là-bas;1
mer Caspienne;1
Europe;2
République;2
cou de Pipirit;1
Égypte;1
Renie;1
attraperai;1
Froide;1
Assise;1
tiennes;1
Vésuve;1
Blanches;2
Nègre marron;1
Goutte;1
la Blanche;1
Choisard;11
flirter;1
Brésil;1
Navase;1
Amérique centrale;1
Trinquons;1
d’Italie;1
Espagne;1
l’Europe;1
"Yon lè w ap kite lanmè
Pou vin";1
San nou ap koule;1
O;1
"Yon lè w ap kite lanmè
";1
sekou;1
Le négrillon;1
négrillon;1
lune;2
Cheval;2
Ogoura;10
Petit-Nègre Souyan;4
Félonie suprême;1
Nousta;17
Beyrouth;3
Liban;4
Méditerranée;1
Antillaises;1
Israël;10
nîmes;1
Guinée;2
Sete yon ti fi;1
"Sirèn
Manmzèl";2
Sete yon ti fi La;2
Vèvè;16
Attire;1
Le Vèvè;7
Rien;1
Vallée;4
Addis;1
Éthiopien;8
Éthiopie;1
borlette;1
Croyez;2
constellation du Cocher;1
Capella;1
Périples;1
Vénus;1
Sete yon fi;1
Yon jou;1
Wanga;2
Yon maten;2
"Sirèn
Manmzèl ap";2
Alentour;1
Montez;1
Partout;1
Arcahaie;1
Guadeloupe;1
Petite Rivière de l’Artibonite;1
Ounga;10
mer des Caraïbes;1
Sud-Américain;1
Brandir;1
Guinée des ancêtres;1
M’as-tu;1
Amérique du Nord;1
Kayïs;19
Trente-trois;1
Allons;1
Sedieu;5
Crête-à-Pierrot;3
Surgit;1
pagayer;1
Grand-Goâve;1
Ina;1
poto-mitan;1
tour de Pipirit;1
Souquez;1
Rendre;1
Étripeur;4
Cyprien;1
Blanche;1
Étourdie;1
Elyaniz;3
Jérémienne;1
Venir;2
Du pouce;1
laye;1
Finie;1
Celles;1
Venez;2
Bicyclettes;1
Ayida;1
Bayaond;1
Bizango;1
Borlette;1
Bosal;1
Bwa-kochon;1
Cachiman;1
Caliente;1
Allemands;1
Fresko;1
Frigidaire;1
Gaguère;1
Garde;1
Gede;1
Ginen;1
Gourde;1
Grandon;1
Griffonne;1
Hougan;1
Hounsi;1
Kabicha;1
Kalalou;1
Karabela;1
Konkonm;1
Lavalassien;1
Lwa;1
Laye;1
Malanga;1
Manbo;1
Marabou;1
Nago;1
Nîmes;1
Dominicain;1
Peristil;1
Petwo;1
Poto-mitan;1
Pwen;1
Rara;1
Roroli;1
San manman;1
Semp;1
Tranpe;1
Twokèt;1
Vaksin;1
Yanvalou;1
