Banal Oubli;1
Juste;1
Hispaniola;5
Port-au-Prince;11
Agwe;13
Quelque;1
A;4
roroli;4
Persée Persifal;23
Persifal;534
Kansas;3
États-Unis;3
Miami;5
New York;1
Persée;9
Américains;2
Haïti;9
Blanc;13
Pierre de la Sirène;3
Le soleil;4
lune;4
Grimper;1
Vlengbendeng;1
Ina;9
S;1
Rejoins;1
Sais;6
Pipirit;112
Elyaniz;4
hounsi de Grand-Goâve;1
Nègres;35
Blancs;23
Compris;1
Morne Rouge;7
cimetière du Morne Rouge;1
Zwazowout;26
us;1
Grande;2
Cherche;1
Faisons;1
vlengbendeng;2
Grenn Bòt;1
Morne;14
Cabris;15
Croix-des-Bouquets;1
Mirebalais;2
"Halte !
";1
vaksin;5
fier;1
Veux;3
chanpwèl;1
bizango;2
Vlen;27
Éloïs;10
Suis;2
Distribue;1
Jamaïque;5
terre;1
République Dominicaine;2
Nègre;8
rara;7
Est;4
Petit-Noël;9
Séraphin;1
Vasquez;15
Retrouvailles;1
Afrique;7
du Nord;4
marais de l’Artibonite;2
Marrons;4
Dahomey;3
Danga;1
Français;3
Cibao;2
Puilboro;1
Macaya;2
le Basilic;12
Saint-Domingue;2
Basilic;13
Derance;3
Madre de Dios !;1
Un Indio !;1
Indiens;2
Le Basilic;3
L’Indien;1
Indien;2
Trouver;1
lac Azwei;4
Gayanaki;2
Espagnols;4
san manman;5
"Gede Loray
Petit-Noël Prieur";1
La lune;4
Gede Loray;1
Présentez;1
Sautez;1
Chemin;1
soleil;7
Obstruez;1
Christ de la Piste;3
tambours bizango;1
Un nuage;1
Artibonite;1
Gonaïves;1
Cazale;5
Saint-Surin;5
mornes;1
Saint-Marc;1
sienne;1
mapou;2
carrefour Trois-Palmistes;1
Mèt;2
histoire de Vasquez Delgado;1
Lâchez;1
côte Pacifique;1
Colombie;4
Libertador;2
Amérique;1
Caracas;1
Caraïbes;5
Les Caraïbes;1
Santo Domingo;3
Haïtiens;4
Dominicains;3
État;6
assiégeai;1
Suarez;1
lac Enriquillo;1
Héroïquement;1
Pense;1
Fond Desline;1
Garde;2
Lully;3
Aseram;5
Cuba;1
Retourne;2
carrefour Fond Desline;1
veines de Pipirit;1
la Piste;14
Sais-tu;1
l’Afrique;1
Alfonso;10
Alegadossou;5
sosyete;1
Ayida;1
Vierge;2
Quatre-Chemins;9
Wosam;1
Pitié;2
Obtiens;1
Pars;3
Babel;1
Marron;1
Piste;6
Nibo;56
Boucan Michel;10
paris;3
Cris;1
Huées;1
tranpe;1
Jamais;1
Mange;1
Bazelais;17
Salomon;1
Loupa;1
macaya;1
Mexique;2
Montezuma;1
Allez;2
quinquet;1
La terre;2
bwa kochon;1
T-shirt;1
Champ de Mars;2
Masisi;2
palais National;2
du Sud;1
peristil;2
Rose-Croix;1
Tibet;1
Chartres;1
Tombouctou;1
Bahia;1
Prezidan;1
Daprè tou;1
Similien;1
Solage Similien;1
Thomazeau;1
Alpha;2
ranch;2
Renonce;1
Cobra;1
mer Caspienne;1
Europe;2
République;3
cou de Pipirit;1
Égypte;1
attraperai;1
Fond Diable;3
Froide;1
Assise;1
Fatigué;1
Vésuve;1
Blanches;2
chevelure blonde;1
Libérez;1
Ahuri;1
Souffre;1
Choisard;23
Brésil;1
Navase;1
Amérique centrale;1
Trinquons;1
Césarin;1
d’Italie;1
Espagne;1
Sache;1
"Yon lè w ap kite lanmè
Pou";1
San nou ap koule;1
Yon;2
sekou;1
Le négrillon;1
négrillon;3
Ogoura;3
Petit-Nègre Souyan;1
Pourrai;1
panama;1
Halloum;10
Nousta;3
Beyrouth;3
Liban;4
Méditerranée;1
Antillaises;1
Israël;10
grands nîmes;1
Guinée;3
"Sete yon ti fi La Chapèl
ki pat";1
Vèvè;8
Sirène du fleuve;3
Que sais-tu;1
Vallée;3
Éthiopien;12
Addis-Abeba;1
Éthiopie;1
borlette;1
Croyez;2
Capella;1
Nacha;1
Menez;1
Vénus;1
sinistre;1
Wanga;2
tripotay bay la Sirèn;2
Alentour;1
Noirs;1
Sans-Souci;2
Guadeloupe;1
Petite Rivière de l’Artibonite;1
mer des Caraïbes;1
Libérés de la présence de ce Blanc;1
Sud-Américain;1
colonne de Petit-Noël Prieur;2
Brandir;1
Espinoza;2
Élyaniz;1
Kayïs;36
Amérique du Nord;1
kleptomanes;1
moulins;1
Grand-Goâve;1
bésigue;1
man’;1
Souquez;1
Rendre;1
vert-gris;1
Dessalines;4
Sud;3
Parions;1
Attendons;1
Bruit;1
Cyprien;1
Marchand;2
Est-elle;1
Étourdie;1
chevelure de Manmzèl;1
Tenant Manmzèl;1
Pire;1
Éperdu;1
Ululement;1
Ta route;1
Dites;1
ma barbe;1
Laisse;1
Passons;1
région du Cibao;1
Dominicain;2
Aide;1
Celles;1
Piste-Retour;1
Décidément;1
hounsi;1
Sorita;1
Bayaond;1
Bizango;1
Borlette;1
Bwa;1
Bwa-kochon;1
Cachiman;1
Caliente;1
Crête-à-Pierrot;1
Allemands;1
Gede;1
Ginen;1
Grandon;1
Griffonne;1
Griyo;1
Kabicha;1
Kalalou;1
Karabela;1
Koyo;1
Kwi;1
Lavalassien;1
Lavalas;1
Lwa;1
Laye;1
Malanga;1
Manbo;1
Mapou;1
Marabou;1
Nago;1
Nîmes;1
Rapadou;1
Panyòl;1
Espagnol;1
temple vodou;1
Petwo;1
San manman;1
Semp;1
Tanlontan;1
Tranpe;1
Twokèt;1
Vaksin;1
Yanvalou;1
