Paris;8
RER;5
Café de la Gare;1
Honfleur;2
Toulouse;1
Barcelone;1
Est;25
Directeur;1
Fatiguée;2
Prague;2
Combien;5
Sortir;1
Hier;1
Smarties;1
Frazera;3
Dire;1
Mairie;1
Montreuil;1
Charonne;2
Rose;1
Caen;3
Alençon;1
Nation;1
Gare de Lyon;4
ligne D;3
Melun;2
Villeneuve-Saint-Georges;1
Maisons-Alfort;1
Capituler;1
Vert-de-Maisons;1
Brasserie;1
Château de Versailles;1
Nautamine;1
Défenseur;7
Défenseur de l’Aube d’Argent;7
Azeroth;5
Reléguées;1
Samedi;1
Maréchalerie;1
Rai;1
Orne;1
Étalé;1
Perchée;1
Nathalie;3
Rien;1
Métallique;1
Chine;1
du Japon;1
République Tchèque;1
Brasserie de la Gare;2
Sarrette;1
Liancourt;1
rue Mouton-Duvernet;1
Corse;1
Sud;2
île Maurice;1
Seychelles;1
Bar des Oies;1
Rue Daviel;1
Neuf;1
Enfiler;1
Allez;1
Porte des Ténèbres;1
soleil;1
Normandie;1
CP;1
Continuer;1
silencieux;1
porte des Ténèbres;1
Marseille;4
Milan;1
Gault;1
Millau;1
Brune;1
avenue Villemain;1
Inaugurale;1
Genève;1
Stéradent;1
Parler;1
Londres;1
Attaquer;1
HHCTRL;1
Nice;1
Perpignan;1
Billets;1
France;1
T de Thibault;2
F;1
Centre de Recherche;3
champagne;1
B;1
Croyez;1
pont de Tolbiac;1
Amoxicilline;1
ligne D du RER;1
Île-de-France;1
place des Ternes;1
Vitry;1
Assise;1
bronzage;1
Hurler;2
quai Mathilde;1
