Lisbonne;1
Alto solo;1
romånce;1
Seuil;1
P918;1
Bardo or not Bardo;1
Macau;1
editionsduseuil;1
Buchenwald;1
Hong Kong;2
soleil;1
touffes gris-vert;1
barbaries;1
XXIe;2
man’;1
Greta;1
Comancer;1
polisse;1
Feraient;1
amok;1
Amazonie;1
Buenos Aires;1
Grad;1
lac Bleu;1
Soleil;2
Pondichéry;1
l’Europe;1
Inde;2
Casablanca;1
Bibliothèque centrale de São Paulo;1
Jogjakarta;1
Prospekt Chaoumiana-Nevski Prospekt;1
Leningrad;1
hôtel Ladoga;1
Louisiane;1
Fumées;1
Diodora;1
Ielgava;2
Lettonie;1
Djeena Murmaduk;1
Belgique;2
Asie du Sud-Est;1
Visages;1
Prague;1
A.T.;1
Savetiers- Héroïques;1
Bichkek;2
Kirghizie;1
Marta;1
aéroport de Managua;1
vol Managua-Tegucigalpa;1
Valparaiso;1
Damas;1
Bruxelles;1
rue de la Montagne-au-Chaudron;1
cirque Zapata;1
Huayna Picchu;1
Machu Picchu;1
Rada Petigros;1
zoo de Singapour;1
cimetière des oiseaux;1
Boufarik;1
Moscou;17
arrondissement de Zagorsk;1
Golyguino;1
Arrêté;1
Jugement;1
Accusation;1
Enterré;1
Boutovo;11
Woolf;1
Woluf;2
Tibet;1
Rétrospectivement;1
Tamdjir;2
Rue des mendiantes;4
Prichvine;1
Tim;1
Babel;1
Walef;1
Wollof;1
Wulw;1
Hollph;1
Hulluff;1
Wulluff;1
Wloffo;1
Wlaff;1
Folf;1
Porté;1
R.R.;1
City Hall;1
République;1
État;1
Solidarité;1
Courir;1
pôle Nord;1
semi-humaines;1
Borborygmes;1
Ilitch;1
érailla;1
vienne;1
Docilement;1
Pauvrement;1
Iemerovo;6
Kouriline;23
Allemands;1
Oural;1
Koulgoulinko;1
Baïkaziorovo;1
Askariovo;1
Autriche;2
Allemagne;1
Japon;1
Anglais;1
rue Tchernogradskaïa;2
forêt de Drojjino;1
Bobrovo;1
polygone de Boutovo;4
Altaï;1
hameau de Obiltsevo;1
district Detchinski;1
Dermanovka;1
district Bazarski;1
Kiev;1
Kotliakovo;1
district Lenininski;1
Degtianskoïe;1
district Kozlovski;1
Tambov;1
Grinki;1
district Semionovski;1
Kharkov;1
Ukrainien;1
Lefortovski;1
Metrostroï;1
Abrachine;1
Dedionok;1
Biélorusse;1
Troïanovo;1
Kroupki;1
Biélorussie;1
rue Skladotchnaïa;1
Tergokeni;1
Bacau;1
Roumanie;1
rue Mechtchanskaïa;1
Polianka;1
Tchern;1
Toula;1
Oussievitcha;1
OUNKVD régional de Moscou;1
Soviétique;1
Demain;1
terre de Boutovo;1
Pimenov;1
Streltsov;1
Oulchine;1
