Ecrivains;1
Rituel;1
Lisbonne;1
Balkhyrie;1
Vue sur l’;1
Seuil;1
P918;1
Dondog;1
Bardo;1
Songes de Mevlido;1
Macau;1
fr;1
l’;414
qu’;111
s’;43
Buchenwald;1
Là s’;1
L’;6
Raconter;1
haut-le-cœur;2
On l’;3
Mentalement;1
stylo-bille;1
d’;7
Hong Kong;2
Derrière;1
Soudain;3
gris-jaune;1
XXe;2
Moi aussi;1
man’;1
Greta;6
Faut;1
connais;1
la manche;1
– Bah;1
Feraient;1
Greta s’;1
Marta;2
Boris;1
Amazonie;1
Buenos Aires;1
Mlatelpopec;1
j’;30
Merci;3
lac Bleu;1
Soleil;2
Grigoria;4
Pondichéry;1
Sheeva Drahane;1
Croc-Blanc;1
osso-buco;1
Patou;1
Inde;2
Casablanca;1
Bibliothèque centrale;1
São Paulo j’;1
tupi-guarani;1
Jogjakarta;1
Prospekt Chaoumiana-Nevski Prospekt;1
Leningrad;1
hôtel Ladoga;1
Fumées;1
Labibi;1
Diodora;2
Ielgava;2
Lettonie;1
de Belgique;1
Belgique;1
Asie du Sud-Est;1
Petit Petia;4
Macha;1
Stefan;1
Visages;2
Prague;1
A.T.;1
Savetiers- Héroïques;1
Bichkek;2
Chaos;1
Kirghizie;1
Goldanska;1
aéroport de Managua;1
vol Managua-Tegucigalpa;1
Valparaiso;1
Rigoletto;1
Djann;1
Damas;1
Bruxelles;1
rue de la Montagne-au-Chaudron;1
Lueurs;1
Malone;1
zoo de Singapour;1
Coquilles;1
Moscou;19
arrondissement de Zagorsk;1
Golyguino;1
Arrêté;1
l’augmentation;1
Fusillé;1
Boutovo;15
Woolf;1
Woluf;2
Wlaff;2
Tibet;1
Détectives;1
Rétrospectivement;1
Tamdjir;2
Rue des mendiantes;5
Rue;1
Rue des mendiantes n’;2
Prichvine;1
Tim;1
Citons;1
Hydropathe;1
Babel;1
Wollof;1
Hollph;1
Hulluff;1
Wulluff;1
Wloffo;1
Folf;1
Flöff;1
Wulwö;1
Wulwo;1
Blotno;1
Wolff;1
Disons;1
Génétic-Assistance;1
Life-Boat;1
City Hall;1
Colt;1
État;1
Solidarité;1
Courir;1
pôle Nord;1
Pardonnez;2
aujourd’hui;1
Borborygmes;1
Ni l’;1
voie ferrée qu’;1
Ilitch;2
Sourde;1
t’;10
Iemerovo;6
Pardonne;1
Koulgoulinko;1
Baïkaziorovo;1
Askariovo;1
Quelles;1
Allemagne;1
Japon;1
Anglais;1
rue Tchernogradskaïa;2
lave-linge;1
Drojjino;4
Je l’;1
Bobrovo;1
Outchour;2
Obiltsevo;1
Cinquième avenue Donskoï;1
Dermanovka;1
district Bazarski;1
Kiev;1
Russe;1
Kotliakovo;1
district Lenininski;1
Degtianskoïe;1
district Kozlovski;1
Tambov;1
Grinki;1
district Semionovski;1
Kharkov;1
Metrostroï;1
Inhumé;1
Kouriline;3
siffle;1
Biélorusse;1
Troïanovo;1
Kroupki;1
Biélorussie;1
rue Skladotchnaïa;1
Tergokeni;1
Bacau;1
Roumanie;1
Polianka;1
district de Tchern;1
Toula;1
Oussievitcha;1
Soviétique;1
Chacune;1
terre de Boutovo;1
Streltsov;1
Oulchine;1
