FRACAS;1
Mutsamudu;31
Mjihari;8
badamier;9
Connaît-Tout;10
Crotale;51
océan Indien;1
Hombo;7
Français;3
Paris;2
Petit Robert;1
scorpion;1
Panthéon parisien;1
Bacari;1
Tranquille;22
Mjihariens;1
Missiri;8
Main;12
A;1
Mouche;2
Oreille;2
galéjades;1
Morphée;2
vanilliers;1
île d’Anjouan;1
potron-minet;2
l’Europe;1
île de Anjouan;1
Européen;2
Blanc;2
Europe;1
notre cher;1
Vorace;193
Indiens;2
Turc;1
Pérou;1
Chitsangani;2
place Mroni;1
Roc;1
richards;1
Suisse;1
Hamoumbou;3
Hampanga;2
place publique Mroni;1
place Uvoimoja;1
Jaf;1
Foukoujou;3
Minadzijou;1
Landerneau;1
chiromani;2
Voilà;11
Bandrankowa;1
Européens;1
palais royal Ujoumbé;1
Comores;1
la Pologne;1
Bordeaux;1
médoc;1
sauternais;1
Bourgogne;1
chablis;1
pommard;1
beaujolais;1
Vérone;2
Angleterre;1
Pangahari;1
Jupiter;1
gauloises;1
bras-le-corps;2
Nido;1
Israël-Palestine;1
Soudan;1
Darfour;1
Birmanie;1
Rangoon;1
Mayotte;21
Afrique du Sud;1
Daurade;1
porte Connaît;1
La Trinité;1
Mozambique;1
Vauvert;1
Troie;1
Bambao;1
Bazmine;2
Oani;1
Mchacojou;1
Tratringa;1
Bambao Lamtsanga;1
Jomani;1
Shiroroni;1
Domoni;2
là-bas;1
Papani;3
aposiopèse;1
Grande Terre;1
Petite Terre;1
Anjouan;2
Anjouan de Mayotte;1
