Grand Trip’;1
Mutsamudu;30
médina;30
Mjihari;11
trépassant;1
anguillade;4
Jarnac;1
Connaît-Tout;23
Crotale;157
océan Indien;1
Hombo;6
Français;2
Pharmacie Patrick;1
Paris;2
scorpion;1
Panthéon parisien;1
Bacari;1
Tranquille;63
Mjihariens;1
Missiri;7
Main;8
Oreille;4
Mouche;5
A;1
Morphée;2
croyez;2
vanilliers;1
île d’Anjouan;1
l’Europe;1
île de Anjouan;1
Européen;2
quid;1
Blanc;2
Europe;1
Domoni;5
Indiens;2
Turc;1
Pérou;1
Chitsangani;2
Habomo;1
stade de Missiri;1
place Mroni;1
Nawal;1
Roc;1
Conti;1
Suisse;1
Hamoumbou;2
Hampanga;2
Monsieur;1
place publique Mroni;1
place Uvoimoja;1
Jaf;1
Foukoujou;3
Mpangahari;1
Minadzijou;1
Landerneau;1
chiromanis;1
Voilà;2
Bandrankowa;1
Européens;1
Blancs;1
palais royal Ujoumbé;1
Comores;1
tire-larigot;1
la Pologne;1
Bordeaux;1
sauternais;1
Bourgogne;1
Désirée;1
Vérone;2
Angleterre;1
Pangahari;4
Jupiter;1
Cobra;2
Crotale étonnait fort Connaît-Tout;1
boudin;1
Daurade;2
Futilité;1
Nido;1
Israël-Palestine;1
Soudan;1
Darfour;1
Birmanie;1
Rangoon;1
France-Comores;1
Mayotte;21
Afrique du Sud;1
hôpital de Hombo;1
haoussa;1
bambara;1
La Trinité;1
Rubicon;1
Mozambique;1
Vauvert;1
Troie;1
Bambao;1
Bazmine;2
Oani;1
Mchacojou;1
Tratringa;1
Bambao Lamtsanga;1
Jomani;1
Shiroroni;1
Papani;3
Rescapé;2
soleil;1
Grande Terre;1
Petite Terre;1
Anjouan;2
lourdes;1
Anjouan de Mayotte;1
