ISBN 978-2-226-28436;1
Büdös;1
Nyugati;10
Ouest;4
Budapest;24
zoo de Budapest;1
Balaton;1
Central;1
Tchou-tchou;1
Afghanistan;1
Allemands;3
Russes;11
Pest;4
Danube;12
Buda;2
mont Gellért;2
Château;5
Puits froid;1
Lánchíd;2
pont des Chaînes;2
Hongrie;28
île Marguerite;6
Olympiades;1
Musée national;1
paris;1
jura;3
Ági;10
Russe;4
Américain;3
Papou;1
Kremlin;1
de Russie;1
l’Empire;1
Europe;4
Várpalota;1
Transdanubie;1
Vienne;2
Halles;1
Panka;34
Russie;4
l’Amérique;4
soleil;1
État;4
de l’Est;1
Pays de merde;1
Ukraine;1
Celles;1
Californie;2
Californiennes;4
Hollywood;1
Hongroises;1
Américaines;1
Ruskoff;6
Le Ruskoff;1
passage Corvin;1
Budapestois;1
Hongrois;4
Autriche;3
Oublie;1
place Rákóczi;1
surin;1
Est;15
Morte;1
Munich;1
Trente-trois;1
Bois de la Ville;2
Bois;1
Ouest-shop;1
Debrecen;4
táltos;1
Asie;1
Allemand;2
Anglais;1
Üllöi;2
Londres;1
Européens;2
New-York;1
Chicago;1
Diamond;14
sex-toys;1
Turul;1
pont de la Liberté;1
hôpital Sándor;1
Français;1
université de Budapest;1
Aragon;1
France;4
Paris;8
cimetière du Père-Lachaise;1
la France;1
Atlantique;1
la Bretagne;1
tour Eiffel;1
Taille cintrée;1
gare de Nyugati;1
Ötpacsirta;1
la Sorbonne;1
Bretagne;1
Pall Mall;1
Sopianae Menthol;1
Californienne;5
Pacifique;1
Dallas;2
Imy;1
Allemagne;17
Cologne;5
Turcs;1
Autrichiens;1
Allemande;2
hongroise;1
carrefour d’Oktogon;1
Menza;4
Parler;1
T-shirt;1
parc Erzsébet;1
rue Király;1
Allemandes;1
Tour;1
Française;1
sex-shop;1
Anastazie;1
Nil;1
la Terre;1
Amérique;2
vienne;1
Bakony;1
vallée de Kali;1
lac Balaton;2
Tihany;1
Dorés;1
Andes;1
marché de Lima;1
Cité interdite;1
Saint-Sylvestre;1
Serbie;1
Novi Sad;1
Combien;1
Újvidék;1
déglutitions;1
Déserts;1
Croire;1
Fauchée;1
Csepel;1
Jette;1
Brésil;2
supermarché de Balatonfüred;1
Lonai;2
Porte Dorée;1
