cautérisant;1
Pál;37
gare Nyugati;2
Ouest;3
Budapest;25
Le soleil;1
Nyugati;8
zoo de Budapest;1
Afghanistan;1
Allemands;3
Russes;13
l’Europe;1
Pest;4
Danube;12
Buda;2
mont Gellért;1
Château;3
Puits froid;1
Lánchíd;1
pont des Chaînes;2
Comparée;1
myrtille;1
Hongrie;28
île Marguerite;6
Olympiades;1
Musée national;1
paris;1
col;1
Montre-le-nous;1
Ági;10
Américain;3
Quoique;1
maquillage;1
de Russie;1
Kerepes;1
l’Empire;1
Europe;3
Seigneur;1
Várpalota;2
Transdanubie;1
Vienne;2
toit des Halles;1
Panka;26
Eszter;7
Russie;4
Ferenc Kölcsey;1
l’Amérique;3
lángos;1
État;4
missel;1
Europe de l’Est;1
Amérique;3
Pays de merde;1
Ukraine;1
Celles;1
Californie;1
Californiennes;4
Hollywood;1
Américaines;1
menton;1
Ruskoff;6
Rajk;2
passage Corvin;1
Budapestois;1
Autriche;3
gargouillant;1
Vienne-Budapest;1
halles;1
Est;4
chambre d’Ildiko;1
Munich;1
Bois de la Ville;2
Bois;1
Nemzeti dal;1
Serons;1
Ouest-shop;1
Debrecen;4
táltos;1
Asie;1
sex-shops;3
Allemand;1
Anglais;1
Üllöi;1
Londres;1
Européens;1
New-York;1
Chicago;1
Diamond;8
sex-toys;1
Ponts;1
Chaussées;1
Anastazie;5
sex-shop;5
porte du Diamond;1
Penthouse;1
Turul;1
pont de la Liberté;1
université de Budapest;1
France;4
Paris;8
cimetière du Père-Lachaise;1
la France;1
Français;1
Atlantique;1
la Bretagne;1
tour Eiffel;1
Taille cintrée;1
gare de Nyugati;1
Sorbonne;1
Causse;1
Bretagne;1
Pall Mall;1
Californienne;5
Pacifique;1
Dallas;2
Alerte;1
Malibu;1
Imy;2
coudes;1
Allemagne;17
Cologne;5
Mándy;3
Köln;1
Hongrois;1
Turcs;1
Autrichiens;1
Antall;1
Allemande;2
Croix fléchées;1
maison de Köln;1
Oktogon;1
Menza;4
hippique de Monika;1
T-shirt;1
Boire;1
parc Erzsébet;1
rue Király;1
Unikum;2
jura;2
Tour;1
Française;1
Nil;1
la Terre;1
place Moszkva;1
vienne;1
Greta;2
Bakony;1
vallée de Kali;1
lac Balaton;2
Andes;1
marché de Lima;1
Cité interdite;1
Saint-Sylvestre;1
Imre;2
Serbie;1
Novi Sad;1
Déserts;1
Répétée;1
Croire;1
Gellért;1
Fauchée;1
Quelque;1
Csepel;1
Brésil;2
supermarché de Balatonfüred;1
Lonai;2
Nori;1
Porte Dorée;1
