Jasmin;1
Place Dorée;24
Pleureuses;4
Négriers;17
Ghanéenne;4
hôpital San Liguori;6
voie Palatina;8
Plateau Del Sol;21
Kwinton;3
Yerbo Kwinton;2
San Perdido-la bien;1
San Perdido;53
Rafat;27
Le soleil;2
Les Cormorans;1
Lágrima;29
Cormorans;1
baie de Port Sangre;4
mer des Caraïbes;10
café de Boquete;3
Américains;5
canal du Panama;3
Colombie;7
Nicaragua;1
Costa-Rica;1
Ngobe;1
Embera;1
Wounan;1
La terre;1
La Langosta;53
Guayacan;8
Taji;5
San Liguori;3
Esperanza;10
Boerboel;1
Borboels;1
Voyons;1
Français;2
Palais;79
Panama City;8
Colón;8
Courbant;1
Palais du gouverneur;3
Port Sangre;26
Assise;2
Pall-Mall;8
Virginia;1
Captivée;1
Absorbée;1
jasmin;1
guayacan;1
Efia;6
acerola;1
guanabara;1
Santa Clara;25
Eurasienne;7
Babaco;1
hôtel Estrella;1
canal de Panama;1
Costa Rica;3
Amérique centrale;3
Partout;4
Combien;5
vergogne;1
rue Baptista;7
Asukile;1
Salvación;1
quartier des Grillos;2
Ladrones;2
San Cristobal;1
Majestuoso;1
Parlerait;1
Ghana;1
Panama;19
Yumna;10
Zuwena;2
Estrella;1
Djurdjura;2
océan Pacifique;1
Ojete;2
Celles;1
Doucement;3
Amérindiens Kunas;2
Africains;2
Kunas;2
Plaza de Besos;11
rue Esperanza;1
Amérique;1
Empire State Building;1
océan Atlantique;1
Mexique;1
Los Angeles;2
San Francisco;1
Portland;1
Hollywood Boulevard;1
Ambassador;6
Las Luces;3
rue Barberia;20
rue Abenabar;2
États-Unis;1
Vieux;1
Hissa;30
Nigériane;1
Nahema;1
mont de vénus;1
Caraïbes;4
Sienne;1
hôpital de Panama City;1
soleil;1
Rauque;1
Busara;3
quartier Grillos;1
Port Sangré;1
rue Ferdinando;3
rue Daponte;1
avenue Palatina;3
Bordée;1
Palais du Gouverneur;3
Esméralda;1
Souriante;1
Habituée;1
Africaine;5
Larissa;5
Le Taureau;1
Yerbo;148
Ganhéenne;1
Palenque;11
Grandir;1
hormigos;1
Hola;3
Cologne;1
Plateau;2
Croyez;2
Hierra;58
musée de Colón;3
Berkan;1
Dunkerque;1
Bras de fer;1
Panaméens;2
paris;2
rue Escurial;5
Perros;1
Taureau;63
Loro Rojo;14
Taureau Panaméen;2
État;1
Jojoba;1
Sûre;1
vienne;1
Hautes;1
Gobernador[20;1
Panaméen;3
Gazelle;46
Abril;4
Latino-Américain;1
Durango;1
Le Gouverneur;1
calfatée;1
Gouverneur;5
des Caraïbes;1
Contempler;1
Stomper;157
Est;6
Revendues;1
Paradis;1
Arrêtez;1
La Gazelle;10
cantina Deliciosa;1
Amboise;2
Bogota;1
Europe;3
caisse du Palais;1
Une grosse somme;2
Somme;1
La somme;1
Allons;1
Antillais;1
mer les briseurs de grève;1
rue del Cáñamo;1
Ouest;1
Rue Barberia;1
Madre de Dios;2
quartier Barberia;1
Pescador;2
Algas;1
Parler;1
Luckies;1
Gacia;3
rue Barberio;2
Stoppée;1
Háblame[41;1
Trop;2
Laudanum;1
Atento;1
narine;1
Boquete;1
Saint James;17
hôtel Astor;4
Chine;1
Cognac;1
de France;1
cognac;4
Bercé;1
Rue Santa;1
Compania;2
Soberana;1
rue Espiritu Santo;2
Astoria;1
New York;1
Apollons;1
Longues;1
Une Africaine;1
Européens;1
Cha-Cha;1
H;1
isthme du Panama;1
Afrique;1
Cimarrons;23
l’Amérique;2
isthme de Panama;1
Selva;5
plateau Del Sol;1
Caché;1
Papeete;1
Portobelo;3
Appuyé;1
Voy;1
Hier;1
côte Caribéenne;2
Chaîne;1
Pall Mall;4
Mireya;2
Roselito;3
Penula-Consido;3
Porto Viejo;1
église San Cristobal;1
El Loro Rojo;2
maracas;1
Indiens;1
Porto blanc;2
Américain;1
Africain;4
Éclairé;1
porto blanc;4
Posé;1
porto;2
El Copé;1
Cordillère;1
Manille;1
Cumbia;1
West Point[51].;1
Darién;1
Venir;1
Espagnols;6
forêt aux Cimarrons;1
Portobello;1
Bocas del Toro;1
San Miguel;1
Indienne;1
col du peignoir;1
Où;1
tocades;1
Soberena;1
Là-bas;1
baie de San Perdido;2
Tunisie;1
Affirmatif;1
Reilly;7
Noirs;1
Akkadien;1
Rythmées;1
Mosi;2
guarumo;1
Bois;2
Whity;2
Dissimulé;1
Plateau del Sol;1
Anodins;1
Bangkok;1
Le Panama;2
Éden;1
Ojete[53;1
Oklahoma;1
B;1
Nereo;6
Modesto;1
Espagne;1
Séville;1
Palais !;1
territoire des;1
Crie;1
commissariat de San Perdido;1
Paris;4
États unis;1
Algérie;1
Le Procida;1
Procida;4
Boucler;1
Parisiennes;1
rue Ramon;1
Le Palenque;1
Raffat;1
port de Lisbonne;1
Monnaie officielle;1
Débiles;1
Place des Baisers;1
Barberia;1
Graduate Center;1
Boules;1
New-York;1
